HITId,AssignmentId,WorkerId,source,summary_id,base_A_id,candidate_id,candidate_distinct,role,slot,faith,info,reason,work_seconds
35NNO802AWSF66FYAZV8MPD7QYZNIJ,3EICBYG646SVWX07TTCW7ZUZ8K9CJ7,A32CMQGGTSUK6Z,FINAL_code_prompts_64_base,86,28,46,True,base_A,A,1.0,1.0,Almost uselessly generic prompt that leads to many different for answers. To its credit it do won't get sucked into meandering.,3692
35NNO802AWSF66FYAZV8MPD7QYZNIJ,3EICBYG646SVWX07TTCW7ZUZ8K9CJ7,A32CMQGGTSUK6Z,FINAL_code_prompts_64_base,86,28,46,True,base_B,B,0.0,0.25,,3692
35NNO802AWSF66FYAZV8MPD7QYZNIJ,3EICBYG646SVWX07TTCW7ZUZ8K9CJ7,A32CMQGGTSUK6Z,FINAL_code_prompts_64_base,86,28,46,True,candidate,third,0.25,0.5,,3692
3W0KKJIARS5L9UII40R1H82PT7P8KR,3DEL4X4EL8H9UK616P9MVZUXM7UXYE,A1DVKS3R9SLQ1H,FINAL_code_prompts_64_base,78,14,30,True,base_B,A,0.25,0.0,The prompt has some meaning but it does not have a proper programming structure to be executed.,480
3W0KKJIARS5L9UII40R1H82PT7P8KR,3DEL4X4EL8H9UK616P9MVZUXM7UXYE,A1DVKS3R9SLQ1H,FINAL_code_prompts_64_base,78,14,30,True,candidate,B,0.5,0.5,,480
3W0KKJIARS5L9UII40R1H82PT7P8KR,3DEL4X4EL8H9UK616P9MVZUXM7UXYE,A1DVKS3R9SLQ1H,FINAL_code_prompts_64_base,78,14,30,True,base_A,third,0.75,0.75,,480
3FK4G712NYW1GXAZN768PLT0MV9SSS,3R9WASFE21CSZOPL2H5J3Z3SNUDZFM,A32CMQGGTSUK6Z,FINAL_code_prompts_64_base,93,46,7,True,base_A,A,1.0,1.0,"Brings up a good example of it, that challenges while staying concise and making sense.",3965
3FK4G712NYW1GXAZN768PLT0MV9SSS,3R9WASFE21CSZOPL2H5J3Z3SNUDZFM,A32CMQGGTSUK6Z,FINAL_code_prompts_64_base,93,46,7,True,base_B,B,0.75,0.75,,3965
3FK4G712NYW1GXAZN768PLT0MV9SSS,3R9WASFE21CSZOPL2H5J3Z3SNUDZFM,A32CMQGGTSUK6Z,FINAL_code_prompts_64_base,93,46,7,True,candidate,third,1.0,0.75,,3965
3S8A4GJRD4ZCLRT6AP8AZ3HF3A6V6E,3CTOC39K39MPKG5B2C4LRD2L68HJ7H,AE861G0AY5RGT,FINAL_code_prompts_64_base,67,3,16,True,candidate,A,0.5,0.5,It sounds like it is discussing a product and benefits of it which is business related.,2225
3S8A4GJRD4ZCLRT6AP8AZ3HF3A6V6E,3CTOC39K39MPKG5B2C4LRD2L68HJ7H,AE861G0AY5RGT,FINAL_code_prompts_64_base,67,3,16,True,base_B,B,0.75,0.75,,2225
3S8A4GJRD4ZCLRT6AP8AZ3HF3A6V6E,3CTOC39K39MPKG5B2C4LRD2L68HJ7H,AE861G0AY5RGT,FINAL_code_prompts_64_base,67,3,16,True,base_A,third,1.0,0.75,,2225
37Y5RYYI0Q19CEWYHHCVOTAS1ABXS5,3OS4RQUCRBBWHQM5W3PGHHWPWRRBFS,AE861G0AY5RGT,FINAL_code_prompts_64_base,72,8,12,True,base_B,A,0.0,0.25,The base prompt adds nothing.,17988
37Y5RYYI0Q19CEWYHHCVOTAS1ABXS5,3OS4RQUCRBBWHQM5W3PGHHWPWRRBFS,AE861G0AY5RGT,FINAL_code_prompts_64_base,72,8,12,True,base_A,B,1.0,0.75,,17988
37Y5RYYI0Q19CEWYHHCVOTAS1ABXS5,3OS4RQUCRBBWHQM5W3PGHHWPWRRBFS,AE861G0AY5RGT,FINAL_code_prompts_64_base,72,8,12,True,candidate,third,0.5,0.5,,17988
3BFF0DJK8Y82VXNEC7BYZQPMOENSTH,37UEWGM5HV4S7I9ML1WLSUXZE4C1RY,A2K2T23JWSB8R4,FINAL_code_prompts_64_base,69,5,62,True,candidate,A,0.0,0.0,Base Prompt A is asking for analysis on Crypto. The General Prompt wants to know about technical systems and resource optimization.,247
3BFF0DJK8Y82VXNEC7BYZQPMOENSTH,37UEWGM5HV4S7I9ML1WLSUXZE4C1RY,A2K2T23JWSB8R4,FINAL_code_prompts_64_base,69,5,62,True,base_A,B,0.25,0.25,,247
3BFF0DJK8Y82VXNEC7BYZQPMOENSTH,37UEWGM5HV4S7I9ML1WLSUXZE4C1RY,A2K2T23JWSB8R4,FINAL_code_prompts_64_base,69,5,62,True,base_B,third,0.25,0.25,,247
3BFF0DJK8Y82VXNEC7BYZQPMOENSTH,3NKQQ8O3901EF5HF5OBLY7LS9ZIDU0,AE861G0AY5RGT,FINAL_code_prompts_64_base,69,5,62,True,candidate,A,0.0,0.0,It is not about technical systems.,44003
3BFF0DJK8Y82VXNEC7BYZQPMOENSTH,3NKQQ8O3901EF5HF5OBLY7LS9ZIDU0,AE861G0AY5RGT,FINAL_code_prompts_64_base,69,5,62,True,base_A,B,0.75,0.75,,44003
3BFF0DJK8Y82VXNEC7BYZQPMOENSTH,3NKQQ8O3901EF5HF5OBLY7LS9ZIDU0,AE861G0AY5RGT,FINAL_code_prompts_64_base,69,5,62,True,base_B,third,1.0,1.0,,44003
31JUPBOORO0WT000P032W8F4I7U8LU,3Y4W8Q93L1GESK6FAELQUTNBN6RVD7,AE861G0AY5RGT,FINAL_code_prompts_64_base,90,42,23,True,base_A,A,1.0,0.75,It provides a female character but  is not long.,9701
31JUPBOORO0WT000P032W8F4I7U8LU,3Y4W8Q93L1GESK6FAELQUTNBN6RVD7,AE861G0AY5RGT,FINAL_code_prompts_64_base,90,42,23,True,base_B,B,1.0,0.75,,9701
31JUPBOORO0WT000P032W8F4I7U8LU,3Y4W8Q93L1GESK6FAELQUTNBN6RVD7,AE861G0AY5RGT,FINAL_code_prompts_64_base,90,42,23,True,candidate,third,0.5,0.25,,9701
33TGB4G0LQDARE9D6HHLYY6E3TPXTU,3FFJ6VRIL3KF7ULLZVYC0XDYMGNI08,A2K2T23JWSB8R4,FINAL_code_prompts_64_base,73,9,32,True,base_B,A,0.5,0.75,General Prompt wants a non specified  general letter written. Prompt A wants a letter for a software engineer job.,238
33TGB4G0LQDARE9D6HHLYY6E3TPXTU,3FFJ6VRIL3KF7ULLZVYC0XDYMGNI08,A2K2T23JWSB8R4,FINAL_code_prompts_64_base,73,9,32,True,base_A,B,0.5,0.5,,238
33TGB4G0LQDARE9D6HHLYY6E3TPXTU,3FFJ6VRIL3KF7ULLZVYC0XDYMGNI08,A2K2T23JWSB8R4,FINAL_code_prompts_64_base,73,9,32,True,candidate,third,0.25,0.0,,238
33TGB4G0LQDARE9D6HHLYY6E3TPXTU,3RSDURM96CI0OKFKBKJU7A9Q60VEYW,A32CMQGGTSUK6Z,FINAL_code_prompts_64_base,73,9,32,True,base_B,A,0.25,0.75,"Breaks one of the cardinal sins of the prompt heavily, that being concision.",1768
33TGB4G0LQDARE9D6HHLYY6E3TPXTU,3RSDURM96CI0OKFKBKJU7A9Q60VEYW,A32CMQGGTSUK6Z,FINAL_code_prompts_64_base,73,9,32,True,base_A,B,0.25,0.75,,1768
33TGB4G0LQDARE9D6HHLYY6E3TPXTU,3RSDURM96CI0OKFKBKJU7A9Q60VEYW,A32CMQGGTSUK6Z,FINAL_code_prompts_64_base,73,9,32,True,candidate,third,0.0,0.5,,1768
3KTZHH2ONJBGZIILPC4HWLUTICK8MW,39DD6S19JR70TAPP76LDLHISBTYZE4,A32CMQGGTSUK6Z,FINAL_code_prompts_64_base,70,6,60,True,base_B,A,1.0,0.75,Picks a specific avenue within the prompt and expans on it. Just needed to get a bit more detailed for the topic.,3621
3KTZHH2ONJBGZIILPC4HWLUTICK8MW,39DD6S19JR70TAPP76LDLHISBTYZE4,A32CMQGGTSUK6Z,FINAL_code_prompts_64_base,70,6,60,True,base_A,B,1.0,0.5,,3621
3KTZHH2ONJBGZIILPC4HWLUTICK8MW,39DD6S19JR70TAPP76LDLHISBTYZE4,A32CMQGGTSUK6Z,FINAL_code_prompts_64_base,70,6,60,True,candidate,third,1.0,1.0,,3621
3UYRNV2KIUVMH03L1DJH90JTN2U8NW,3TR2532VIRQ6GGR6J2ZTLZ2PBXXJ6I,AE861G0AY5RGT,FINAL_code_prompts_64_base,87,34,59,True,base_A,A,0.75,0.75,"It is a smary of a complex issue text, but it seems broad not specific.",9373
3UYRNV2KIUVMH03L1DJH90JTN2U8NW,3TR2532VIRQ6GGR6J2ZTLZ2PBXXJ6I,AE861G0AY5RGT,FINAL_code_prompts_64_base,87,34,59,True,base_B,B,0.75,1.0,,9373
3UYRNV2KIUVMH03L1DJH90JTN2U8NW,3TR2532VIRQ6GGR6J2ZTLZ2PBXXJ6I,AE861G0AY5RGT,FINAL_code_prompts_64_base,87,34,59,True,candidate,third,0.75,0.75,,9373
351S7I5UGASB1HZ4SHG8YQS73DONJV,3QUO65DNQWK5J284VXP191XREF7OUV,AM0JKZVOEOTMA,FINAL_random_prompts_64_base,85,28,19,True,base_B,A,1.0,0.25,"Few detailes are implied by base prompt, it invents nothing and most of the details (PeachPay, providing a bank account, workers lay off and so on.) are missing in general prompt",2285
351S7I5UGASB1HZ4SHG8YQS73DONJV,3QUO65DNQWK5J284VXP191XREF7OUV,AM0JKZVOEOTMA,FINAL_random_prompts_64_base,85,28,19,True,base_A,B,1.0,0.25,,2285
351S7I5UGASB1HZ4SHG8YQS73DONJV,3QUO65DNQWK5J284VXP191XREF7OUV,AM0JKZVOEOTMA,FINAL_random_prompts_64_base,85,28,19,True,candidate,third,0.25,0.0,,2285
3Y40HMYLL2EPRRO26M7V3USGM7WXUL,3WEV0KO0OOOY0SPBGJGLJ634O2XDSK,AE861G0AY5RGT,FINAL_random_prompts_64_base,88,31,19,True,base_A,A,0.75,0.25,It provides no information.,17397
3Y40HMYLL2EPRRO26M7V3USGM7WXUL,3WEV0KO0OOOY0SPBGJGLJ634O2XDSK,AE861G0AY5RGT,FINAL_random_prompts_64_base,88,31,19,True,candidate,B,0.75,0.5,,17397
3Y40HMYLL2EPRRO26M7V3USGM7WXUL,3WEV0KO0OOOY0SPBGJGLJ634O2XDSK,AE861G0AY5RGT,FINAL_random_prompts_64_base,88,31,19,True,base_B,third,0.75,0.75,,17397
39O6Z4JLX3TP46D2BCH0ZGUZ0E5XVA,3EICBYG646SVWX07TTCW7ZUZ7J8JCA,AE861G0AY5RGT,FINAL_random_prompts_64_base,81,23,17,True,base_B,A,0.0,0.0,Not a creative writing piece it is a query.,43532
39O6Z4JLX3TP46D2BCH0ZGUZ0E5XVA,3EICBYG646SVWX07TTCW7ZUZ7J8JCA,AE861G0AY5RGT,FINAL_random_prompts_64_base,81,23,17,True,base_A,B,1.0,1.0,,43532
39O6Z4JLX3TP46D2BCH0ZGUZ0E5XVA,3EICBYG646SVWX07TTCW7ZUZ7J8JCA,AE861G0AY5RGT,FINAL_random_prompts_64_base,81,23,17,True,candidate,third,0.5,0.5,,43532
3J6BHNX0UAO6C15MA2GKZ5SKI2ONKU,33TIN5LC066JTOO33938FW8FF3F9YH,A32CMQGGTSUK6Z,FINAL_random_prompts_64_base,84,27,13,True,candidate,A,0.75,0.75,Mostly gets it but does it in the process of carpet bombing and meandering too much in the process.,1326
3J6BHNX0UAO6C15MA2GKZ5SKI2ONKU,33TIN5LC066JTOO33938FW8FF3F9YH,A32CMQGGTSUK6Z,FINAL_random_prompts_64_base,84,27,13,True,base_B,B,0.75,0.5,,1326
3J6BHNX0UAO6C15MA2GKZ5SKI2ONKU,33TIN5LC066JTOO33938FW8FF3F9YH,A32CMQGGTSUK6Z,FINAL_random_prompts_64_base,84,27,13,True,base_A,third,0.5,0.75,,1326
3S1WOPCJFHP77BMRZIDP83YYPLNJE2,333U7HK6IBB51P6LTP77R5CHSJKJDA,AE861G0AY5RGT,FINAL_random_prompts_64_base,87,30,6,True,base_A,A,0.5,0.5,It reiterated the general prompt and expanded did not follow prompt.,44650
3S1WOPCJFHP77BMRZIDP83YYPLNJE2,333U7HK6IBB51P6LTP77R5CHSJKJDA,AE861G0AY5RGT,FINAL_random_prompts_64_base,87,30,6,True,base_B,B,1.0,1.0,,44650
3S1WOPCJFHP77BMRZIDP83YYPLNJE2,333U7HK6IBB51P6LTP77R5CHSJKJDA,AE861G0AY5RGT,FINAL_random_prompts_64_base,87,30,6,True,candidate,third,0.75,0.75,,44650
3OPLMF3EU6JHW7N4V2SLE55Z72TNLX,3ZAZR5XV03ELWC5BBFFIVTIPQHLZCB,A32CMQGGTSUK6Z,FINAL_random_prompts_64_base,95,48,19,True,candidate,A,1.0,1.0,Embraces the prompt and creates a very deep through plot without straying.,1658
3OPLMF3EU6JHW7N4V2SLE55Z72TNLX,3ZAZR5XV03ELWC5BBFFIVTIPQHLZCB,A32CMQGGTSUK6Z,FINAL_random_prompts_64_base,95,48,19,True,base_B,B,0.75,0.25,,1658
3OPLMF3EU6JHW7N4V2SLE55Z72TNLX,3ZAZR5XV03ELWC5BBFFIVTIPQHLZCB,A32CMQGGTSUK6Z,FINAL_random_prompts_64_base,95,48,19,True,base_A,third,0.25,0.5,,1658
3TUOHPJXYIT2JVD71MMWLIDD7N7XWK,3UOUJI6MTFASDBMWWOCXSEOKPHUUXJ,A32CMQGGTSUK6Z,FINAL_random_prompts_64_base,68,4,35,True,base_A,A,0.0,0.25,Almost a random response that listens to none of the prompt.,2108
3TUOHPJXYIT2JVD71MMWLIDD7N7XWK,3UOUJI6MTFASDBMWWOCXSEOKPHUUXJ,A32CMQGGTSUK6Z,FINAL_random_prompts_64_base,68,4,35,True,base_B,B,0.25,0.25,,2108
3TUOHPJXYIT2JVD71MMWLIDD7N7XWK,3UOUJI6MTFASDBMWWOCXSEOKPHUUXJ,A32CMQGGTSUK6Z,FINAL_random_prompts_64_base,68,4,35,True,candidate,third,0.75,0.25,,2108
3AXFSPQOYRUZDPMNUTXVQLJY1M2JFK,33IZTU6J83XCYYUS7JHXDD6W4K9SX1,AE861G0AY5RGT,FINAL_random_prompts_64_base,83,25,49,True,base_A,A,0.5,0.5,It is only generally on topic.,43289
3AXFSPQOYRUZDPMNUTXVQLJY1M2JFK,33IZTU6J83XCYYUS7JHXDD6W4K9SX1,AE861G0AY5RGT,FINAL_random_prompts_64_base,83,25,49,True,candidate,B,0.5,0.5,,43289
3AXFSPQOYRUZDPMNUTXVQLJY1M2JFK,33IZTU6J83XCYYUS7JHXDD6W4K9SX1,AE861G0AY5RGT,FINAL_random_prompts_64_base,83,25,49,True,base_B,third,0.0,0.0,,43289
37ZQELHEQ1U12P5PVET0EIKO77JNMZ,3ATTHHXXWCKN4KRW27NJ9B09VM7XIE,A32CMQGGTSUK6Z,FINAL_random_prompts_64_base,76,13,34,True,base_B,A,0.5,0.25,Just overall entirely too vague to even entertain being specific enough.,633
37ZQELHEQ1U12P5PVET0EIKO77JNMZ,3ATTHHXXWCKN4KRW27NJ9B09VM7XIE,A32CMQGGTSUK6Z,FINAL_random_prompts_64_base,76,13,34,True,base_A,B,0.75,1.0,,633
37ZQELHEQ1U12P5PVET0EIKO77JNMZ,3ATTHHXXWCKN4KRW27NJ9B09VM7XIE,A32CMQGGTSUK6Z,FINAL_random_prompts_64_base,76,13,34,True,candidate,third,0.25,0.5,,633
3ZQX1VYFTE14ZL3X2SJUOPJYDCZ8OB,3180JW2OT68AXCRSEJPOTTOPF2MJ52,AE861G0AY5RGT,FINAL_random_prompts_64_base,71,7,57,True,candidate,A,0.25,0.25,The base prompt is just character bios nothing explaining alignment.,1841
3ZQX1VYFTE14ZL3X2SJUOPJYDCZ8OB,3180JW2OT68AXCRSEJPOTTOPF2MJ52,AE861G0AY5RGT,FINAL_random_prompts_64_base,71,7,57,True,base_A,B,0.5,0.5,,1841
3ZQX1VYFTE14ZL3X2SJUOPJYDCZ8OB,3180JW2OT68AXCRSEJPOTTOPF2MJ52,AE861G0AY5RGT,FINAL_random_prompts_64_base,71,7,57,True,base_B,third,1.0,1.0,,1841
3ZC62PVYDI6H8VIXBRIIN1RKGPDXXD,3C2NJ6JBKCDEH5ZQBYFIOT2U5D1N2D,A2K2T23JWSB8R4,FINAL_story_prompts_64_base,83,24,28,True,base_B,A,0.5,0.5,General Prompt wants a analytical commentary on a any controversial media or social topic. Base Prompt A gives a specific comment and asks for comment.,336
3ZC62PVYDI6H8VIXBRIIN1RKGPDXXD,3C2NJ6JBKCDEH5ZQBYFIOT2U5D1N2D,A2K2T23JWSB8R4,FINAL_story_prompts_64_base,83,24,28,True,base_A,B,0.5,0.5,,336
3ZC62PVYDI6H8VIXBRIIN1RKGPDXXD,3C2NJ6JBKCDEH5ZQBYFIOT2U5D1N2D,A2K2T23JWSB8R4,FINAL_story_prompts_64_base,83,24,28,True,candidate,third,0.0,0.0,,336
3ZC62PVYDI6H8VIXBRIIN1RKGPDXXD,3SLE99ER0P92M7D5XFJNK9C78WLZB4,A32CMQGGTSUK6Z,FINAL_story_prompts_64_base,83,24,28,True,base_B,A,1.0,0.5,Gets the base topic down but strays a little too far,901
3ZC62PVYDI6H8VIXBRIIN1RKGPDXXD,3SLE99ER0P92M7D5XFJNK9C78WLZB4,A32CMQGGTSUK6Z,FINAL_story_prompts_64_base,83,24,28,True,base_A,B,0.5,0.25,,901
3ZC62PVYDI6H8VIXBRIIN1RKGPDXXD,3SLE99ER0P92M7D5XFJNK9C78WLZB4,A32CMQGGTSUK6Z,FINAL_story_prompts_64_base,83,24,28,True,candidate,third,0.75,0.75,,901
36QZ6V158A9HVA23CC184MBO7SUSU8,3C6FJU71TSPHDGC61KYZBSVTRNOUYP,A32CMQGGTSUK6Z,FINAL_story_prompts_64_base,81,22,3,True,candidate,A,0.5,0.5,Fairly difficult prompt to deal with but meanders too much while occasionally being in targetl,3921
36QZ6V158A9HVA23CC184MBO7SUSU8,3C6FJU71TSPHDGC61KYZBSVTRNOUYP,A32CMQGGTSUK6Z,FINAL_story_prompts_64_base,81,22,3,True,base_B,B,1.0,0.5,,3921
36QZ6V158A9HVA23CC184MBO7SUSU8,3C6FJU71TSPHDGC61KYZBSVTRNOUYP,A32CMQGGTSUK6Z,FINAL_story_prompts_64_base,81,22,3,True,base_A,third,0.5,0.25,,3921
36QZ6V158A9HVA23CC184MBO7SUSU8,3XC1O3LBOUIID4QII0JZCO7VZUDLTX,AE861G0AY5RGT,FINAL_story_prompts_64_base,81,22,3,True,candidate,A,1.0,1.0,It gies examples and references others ideas.,44261
36QZ6V158A9HVA23CC184MBO7SUSU8,3XC1O3LBOUIID4QII0JZCO7VZUDLTX,AE861G0AY5RGT,FINAL_story_prompts_64_base,81,22,3,True,base_B,B,1.0,1.0,,44261
36QZ6V158A9HVA23CC184MBO7SUSU8,3XC1O3LBOUIID4QII0JZCO7VZUDLTX,AE861G0AY5RGT,FINAL_story_prompts_64_base,81,22,3,True,base_A,third,0.5,0.5,,44261
3FVBZG9CLKACPFC73BBPB1GFISA0HT,3OVHNO1VE8XV14BPBBATFZ07BHXZDB,A32CMQGGTSUK6Z,FINAL_story_prompts_64_base,82,23,3,True,base_B,A,0.0,0.0,Painfully general open prompt and still isn't met.,3115
3FVBZG9CLKACPFC73BBPB1GFISA0HT,3OVHNO1VE8XV14BPBBATFZ07BHXZDB,A32CMQGGTSUK6Z,FINAL_story_prompts_64_base,82,23,3,True,candidate,B,0.25,0.5,,3115
3FVBZG9CLKACPFC73BBPB1GFISA0HT,3OVHNO1VE8XV14BPBBATFZ07BHXZDB,A32CMQGGTSUK6Z,FINAL_story_prompts_64_base,82,23,3,True,base_A,third,0.0,0.0,,3115
3FVBZG9CLKACPFC73BBPB1GFISA0HT,34X6J5FLPVUZQYAQYBDRR4JGBY9QJM,AE861G0AY5RGT,FINAL_story_prompts_64_base,82,23,3,True,base_B,A,0.75,0.75,The base prompt references themes of The Great Gatsby which is literary.,45202
3FVBZG9CLKACPFC73BBPB1GFISA0HT,34X6J5FLPVUZQYAQYBDRR4JGBY9QJM,AE861G0AY5RGT,FINAL_story_prompts_64_base,82,23,3,True,candidate,B,1.0,1.0,,45202
3FVBZG9CLKACPFC73BBPB1GFISA0HT,34X6J5FLPVUZQYAQYBDRR4JGBY9QJM,AE861G0AY5RGT,FINAL_story_prompts_64_base,82,23,3,True,base_A,third,0.5,0.5,,45202
3H4IKZHALCE7K7QP7F80RX9OCXTNNZ,34J10VATJHU3VNQKGTSRF34GYJKQIA,AE861G0AY5RGT,FINAL_story_prompts_64_base,91,36,7,True,base_B,A,1.0,1.0,A fairytale story that was quite creative.,44975
3H4IKZHALCE7K7QP7F80RX9OCXTNNZ,34J10VATJHU3VNQKGTSRF34GYJKQIA,AE861G0AY5RGT,FINAL_story_prompts_64_base,91,36,7,True,candidate,B,1.0,1.0,,44975
3H4IKZHALCE7K7QP7F80RX9OCXTNNZ,34J10VATJHU3VNQKGTSRF34GYJKQIA,AE861G0AY5RGT,FINAL_story_prompts_64_base,91,36,7,True,base_A,third,0.5,0.5,,44975
3BAWBGQGYMVVPR7BTZD25HHBYLQV7D,3U8YCDAGXRCSOS94C33L9Z4KDQ40QT,A1DVKS3R9SLQ1H,FINAL_story_prompts_64_base,65,1,35,True,base_B,A,0.75,1.0,It seems faithful as it compares few principles and situations that are forced to us and it is clearly informative giving us the history that we believe in.,682
3BAWBGQGYMVVPR7BTZD25HHBYLQV7D,3U8YCDAGXRCSOS94C33L9Z4KDQ40QT,A1DVKS3R9SLQ1H,FINAL_story_prompts_64_base,65,1,35,True,base_A,B,0.0,0.5,,682
3BAWBGQGYMVVPR7BTZD25HHBYLQV7D,3U8YCDAGXRCSOS94C33L9Z4KDQ40QT,A1DVKS3R9SLQ1H,FINAL_story_prompts_64_base,65,1,35,True,candidate,third,0.0,0.0,,682
37SOB9Z0STTAS3UUDJ865R7T2L2L3F,38JBBYETQQ6KQD10MDVNRL5JBZDE4S,A1XO6ONCCTBMKW,FINAL_story_prompts_64_base,66,3,17,True,base_A,A,0.75,0.5,in this discussion style and complete the unfinished sentence more analytically primary gender of the narrator infuse the narrative with layers of meaning context and child girl narrator in this prompt is very informative in this very useful for everyone.,5172
37SOB9Z0STTAS3UUDJ865R7T2L2L3F,38JBBYETQQ6KQD10MDVNRL5JBZDE4S,A1XO6ONCCTBMKW,FINAL_story_prompts_64_base,66,3,17,True,candidate,B,0.75,0.75,,5172
37SOB9Z0STTAS3UUDJ865R7T2L2L3F,38JBBYETQQ6KQD10MDVNRL5JBZDE4S,A1XO6ONCCTBMKW,FINAL_story_prompts_64_base,66,3,17,True,base_B,third,0.5,0.5,,5172
3HUR21WDDVL68087GN4K6FYTIV7XYJ,31QNSG6A5TP00Z9SB87U2NT7RYO78P,A32CMQGGTSUK6Z,FINAL_story_prompts_64_base,79,19,17,True,candidate,A,0.0,0.5,Difficult prompt to deal with but doesn't under the premise at all.,3736
3HUR21WDDVL68087GN4K6FYTIV7XYJ,31QNSG6A5TP00Z9SB87U2NT7RYO78P,A32CMQGGTSUK6Z,FINAL_story_prompts_64_base,79,19,17,True,base_B,B,0.25,0.75,,3736
3HUR21WDDVL68087GN4K6FYTIV7XYJ,31QNSG6A5TP00Z9SB87U2NT7RYO78P,A32CMQGGTSUK6Z,FINAL_story_prompts_64_base,79,19,17,True,base_A,third,0.75,0.75,,3736
3JVP4ZJHDQOCLANR9TTABDHUI5P0IM,3Z4GS9HPNX6W0L4913FOONXCGEI772,A32CMQGGTSUK6Z,FINAL_story_prompts_64_base,92,38,7,True,candidate,A,0.25,0.25,Too generic and prefaces it outside the prompt way too much to be useful.,1465
3JVP4ZJHDQOCLANR9TTABDHUI5P0IM,3Z4GS9HPNX6W0L4913FOONXCGEI772,A32CMQGGTSUK6Z,FINAL_story_prompts_64_base,92,38,7,True,base_B,B,0.75,1.0,,1465
3JVP4ZJHDQOCLANR9TTABDHUI5P0IM,3Z4GS9HPNX6W0L4913FOONXCGEI772,A32CMQGGTSUK6Z,FINAL_story_prompts_64_base,92,38,7,True,base_A,third,1.0,0.5,,1465
3WKGUBL7S0IVAZDYDXDPFWZZGLYL40,3DY46V3X3RE2QDC7PHLUSJ5KY2S556,A2K2T23JWSB8R4,FINAL_story_prompts_64_base,67,4,17,True,base_B,A,0.5,0.5,Base Prompt A is asking for AI to create music and then describe the creative process. The General Prompt wants a creative and analytical piece about music.,233
3WKGUBL7S0IVAZDYDXDPFWZZGLYL40,3DY46V3X3RE2QDC7PHLUSJ5KY2S556,A2K2T23JWSB8R4,FINAL_story_prompts_64_base,67,4,17,True,candidate,B,0.5,0.75,,233
3WKGUBL7S0IVAZDYDXDPFWZZGLYL40,3DY46V3X3RE2QDC7PHLUSJ5KY2S556,A2K2T23JWSB8R4,FINAL_story_prompts_64_base,67,4,17,True,base_A,third,0.75,0.75,,233
3WKGUBL7S0IVAZDYDXDPFWZZGLYL40,3E47SOBEYSSZ1MG1BBRWVYFZV5KCIV,A32CMQGGTSUK6Z,FINAL_story_prompts_64_base,67,4,17,True,base_B,A,0.75,0.75,Expands on the hopelessly generic general prompt. Only slight marks for being a little short on detail.,3422
3WKGUBL7S0IVAZDYDXDPFWZZGLYL40,3E47SOBEYSSZ1MG1BBRWVYFZV5KCIV,A32CMQGGTSUK6Z,FINAL_story_prompts_64_base,67,4,17,True,candidate,B,0.5,0.5,,3422
3WKGUBL7S0IVAZDYDXDPFWZZGLYL40,3E47SOBEYSSZ1MG1BBRWVYFZV5KCIV,A32CMQGGTSUK6Z,FINAL_story_prompts_64_base,67,4,17,True,base_A,third,0.0,0.25,,3422
3ZFRE2BDQAA6DQICC963KM7VOPBXZA,3XXU1SWE8OR01C2NN76ZJZPF98IA0W,A32CMQGGTSUK6Z,FINAL_story_prompts_64_base,74,12,7,True,base_A,A,1.0,1.0,Well done precise prompt given very general vague guidelines which is what you usually look for in this situation.,3197
3ZFRE2BDQAA6DQICC963KM7VOPBXZA,3XXU1SWE8OR01C2NN76ZJZPF98IA0W,A32CMQGGTSUK6Z,FINAL_story_prompts_64_base,74,12,7,True,candidate,B,0.25,0.5,,3197
3ZFRE2BDQAA6DQICC963KM7VOPBXZA,3XXU1SWE8OR01C2NN76ZJZPF98IA0W,A32CMQGGTSUK6Z,FINAL_story_prompts_64_base,74,12,7,True,base_B,third,0.0,0.25,,3197
3ZFRE2BDQAA6DQICC963KM7VOPBXZA,36WLNQG78164BCM91S5AZZBPKQCBEA,AE861G0AY5RGT,FINAL_story_prompts_64_base,74,12,7,True,base_A,A,1.0,0.75,It was creative as requested.,10034
3ZFRE2BDQAA6DQICC963KM7VOPBXZA,36WLNQG78164BCM91S5AZZBPKQCBEA,AE861G0AY5RGT,FINAL_story_prompts_64_base,74,12,7,True,candidate,B,0.75,0.75,,10034
3ZFRE2BDQAA6DQICC963KM7VOPBXZA,36WLNQG78164BCM91S5AZZBPKQCBEA,AE861G0AY5RGT,FINAL_story_prompts_64_base,74,12,7,True,base_B,third,0.5,0.5,,10034
