id,source,instructions,student_1,student_2,student_3,student_4,student_5,student_6,student_7,student_8,student_9,student_10,student_11,student_12,student_13,student_14,student_15,student_16,student_17,student_18,student_19,student_20,student_21,student_22,student_23,student_24,student_25,student_26,student_27,student_28,student_29,student_30,student_31,student_32,student_33,student_34,student_35,student_36,student_37,student_38,student_39,student_40
1,CodeWorkout,"Write a function in Java that implements the following logic: Given 2 ints, a and b, return their sum. However, sums in the range 10..19 inclusive, are forbidden, so in that case just return 20.



##The solution of the given exercise is:
public int sortaSum(int a, int b)
{
    if (a + b >= 10)
    {
        if (a + b <= 19)
        {
            return 20;
        }
        return a + b;
    }
    else
    {
        return a + b;
    }
}

",1.0,1.0,1.0,0.0,1.0,0.0,1.0,1.0,1.0,1.0,0.333333,1.0,1.0,1.0,0.0,1.0,0.733333,0.466667,0.0,1.0,0.6,1.0,1.0,0.0,1.0,1.0,1.0,0.466667,1.0,1.0,1.0,0.0666667,0.0,0.6,0.0,0.0,0.0,0.466667,0.0,1.0
3,CodeWorkout,"Write a function in Java that implements the following logic: Given a number n, return true if n is in the range 1..10, inclusive. Unless ""outsideMode"" is true, in which case return true if the number is less or equal to 1, or greater or equal to 10.



##The solution of the given exercise is:
public boolean in1To10(int n, boolean outsideMode)
{
    if (outsideMode)
    {
        if (n <= 1)
        {
            return true;
        }
        else if (n >= 10)
        {
            return true;
        }
        else
        {
            return false;
        }
    }
    else 
    {
        if (n < 1)
        {
            return false;
        }
        else if (n > 10)
        {
            return false;
        }
        else
        {
            return true;
        }
    }
}

",0.8125,0.0,1.0,0.0,1.0,1.0,0.0,0.0,1.0,1.0,1.0,0.8125,1.0,1.0,0.625,0.5625,0.0,0.8125,0.875,1.0,1.0,0.0,0.8125,0.8125,0.0,0.8125,1.0,0.6875,1.0,0.8125,1.0,0.8125,0.875,0.5625,0.0,0.0,0.5625,0.0,1.0,0.0
5,CodeWorkout,"Write a function in Java that implements the following logic: Your cell phone rings. Return true if you should answer it. Normally you answer, except in the morning you only answer if it is your mom calling. In all cases, if you are asleep, you do not answer.



##The solution of the given exercise is:
public boolean answerCell(boolean isMorning, boolean isMom, boolean isAsleep)
{
    if (isAsleep)
    {
        return false;
    }
    if (isMorning)
    {
        if (isMom)
        {
        	return true;
        }
        else
        {
            return false;
        }
    }
    else
    {
        return true;
    }
        
}

",0.875,1.0,1.0,1.0,1.0,1.0,0.0,0.0,0.75,0.0,1.0,1.0,1.0,1.0,0.0,0.0,1.0,0.0,0.0,1.0,1.0,0.0,0.625,0.0,0.625,1.0,1.0,1.0,1.0,1.0,1.0,0.625,0.625,1.0,0.875,0.875,0.0,0.0,0.875,1.0
12,CodeWorkout,"Write a function in Java that implements the following logic: The squirrels in Palo Alto spend most of the day playing. In particular, they play if the temperature is between 60 and 90 (inclusive). Unless it is summer, then the upper limit is 100 instead of 90. Given an int temperature and a boolean isSummer, return true if the squirrels play and false otherwise.



##The solution of the given exercise is:
public boolean squirrelPlay(int temp, boolean isSummer)
{
    if (isSummer)
    {
        if (temp >= 60)
        {
            if (temp <= 100)
            {
                return true;
            }
            return false;
        }
        return false;
    }
    else
    {
        if (temp >= 60)
        {
            if (temp <= 90)
            {
                return true;
            }
            return false;
        }
        return false;
    }
}

",1.0,1.0,1.0,0.0,1.0,1.0,1.0,1.0,1.0,1.0,1.0,1.0,1.0,1.0,1.0,0.85,0.45,0.0,0.0,0.85,0.0,0.65,1.0,1.0,1.0,1.0,1.0,1.0,1.0,1.0,0.85,0.85,1.0,1.0,1.0,1.0,1.0,0.0,1.0,1.0
13,CodeWorkout,"Write a function in Java that implements the following logic: You are driving a little too fast, and a police officer stops you. Write code to compute the result, encoded as an int value: 0=no ticket, 1=small ticket, or 2=big ticket. If speed is 60 or less, the result is 0. If speed is between 61 and 80 inclusive, the result is 1. If speed is 81 or more, the result is 2. Unless it is your birthday--on that day, your speed can be 5 higher in all cases.



##The solution of the given exercise is:
public int caughtSpeeding(int speed, boolean isBirthday)
{
    if (isBirthday)
    {
        speed = speed - 5;
    }
    if (speed <= 60)
    {
        return 0;
    }
    else if (speed <=80)
    {
        return 1;
    }
    else 
    {
        return 2;
    }
}

",0.695652,0.0,1.0,0.0,1.0,0.0,0.0,0.0,1.0,0.0,0.0,0.0,0.0,1.0,0.0,0.0,1.0,0.565217,0.652174,0.0,0.0,0.0,0.0,0.0,1.0,0.0,1.0,0.0,0.0,1.0,1.0,0.0,0.0,0.0,0.0,0.0,0.0,1.0,0.0,0.0
17,CodeWorkout,"Write a function in Java that implements the following logic: You have a red lottery ticket showing ints a, b, and c, each of which is 0, 1, or 2. If they are all the value 2, the result is 10. Otherwise if they are all the same, the result is 5. Otherwise so long as both b and c are different from a, the result is 1. Otherwise the result is 0.



##The solution of the given exercise is:
public int redTicket(int a, int b, int c)
{
    if (a == 2 && b == 2 && c == 2)
    {
        return 10;
    }
    else if (a == b && b == c)
    {
        return 5;
    }
    else if (a != b && a != c)
    {
        return 1;
    }
    else
    {
        return 0;
    }
}

",1.0,1.0,0.0,0.0,1.0,1.0,1.0,1.0,1.0,1.0,0.807692,0.0,0.0,1.0,0.8846149999999999,1.0,1.0,1.0,1.0,0.961538,1.0,0.0,1.0,1.0,1.0,1.0,1.0,1.0,1.0,1.0,1.0,0.0,0.0,0.0,0.0,1.0,0.807692,1.0,1.0,1.0
20,CodeWorkout,"Write a function in Java that implements the following logic: Given 3 int values, a, b, and c, return their sum. However, if one of the values is the same as another of the values, it does not count towards the sum.



##The solution of the given exercise is:
public int loneSum(int a, int b, int c)
{
    if (a != b && b != c && a != c)
    {
        return a + b + c;
    }
    else if (a == b && b == c)
    {
        return 0;
    }
    else if (a == b)
    {
        return c;
    }
    else if (a == c)
    {
        return b;
    }
    else
    {
        return a;
    }
}

",0.785714,1.0,0.0,0.0,0.357143,1.0,0.857143,1.0,1.0,1.0,0.857143,0.0,0.357143,1.0,0.0,0.357143,1.0,0.357143,0.0,0.357143,0.357143,0.785714,0.714286,1.0,1.0,1.0,1.0,0.5,1.0,0.5,0.5,0.857143,0.357143,0.357143,0.357143,0.0,0.357143,0.0,0.857143,1.0
21,CodeWorkout,"Write a function in Java that implements the following logic: Given 3 int values, a, b, and c, return their sum. However, if one of the values is 13 then it does not count towards the sum and values to its right do not count. So for example, if b is 13, then both b and c do not count.



##The solution of the given exercise is:
public int luckySum(int a, int b, int c)
{
    if (a != 13 && b != 13 && c != 13)
    {
        return a + b + c;
    }
    else if (a == 13)
    {
        return 0;
    }
    else if (b == 13)
    {
        return a;
    }
    else
    {
        return a + b;
    }
}

",1.0,1.0,0.0,0.0,1.0,1.0,0.0,1.0,1.0,1.0,0.4,1.0,1.0,1.0,1.0,1.0,0.0,1.0,1.0,1.0,0.0,1.0,1.0,1.0,1.0,1.0,1.0,0.4,1.0,1.0,1.0,1.0,0.5,0.0,0.0,1.0,1.0,0.6,1.0,0.0
22,CodeWorkout,"Write two methods in Java that implements the following logic: Given 3 int values, a, b, and c, return their sum. However, if any of the values is a teen--in the range 13..19 inclusive--then that value counts as 0, except 15 and 16 do not count as teens. Write a separate helper method called fixTeen() that takes in an int value and returns that value fixed for the teen rule. In this way you avoid repeating the teen code 3 times (i.e. ""decomposition"").



##The solution of the given exercise is:
public int noTeenSum(int a, int b, int c)
{
	return fixTeen(a) + fixTeen(b) + fixTeen(c);
}

public int fixTeen(int n)
{
    if (n == 13 || n == 14 || n >= 17 && n <= 19)
    {
        n = 0;
    }
    return n;
}

",0.0,1.0,0.0,0.0,0.0,0.0,0.0,1.0,1.0,1.0,0.0,0.0,1.0,1.0,0.0,0.44,1.0,0.12,0.0,0.0,1.0,0.0,0.0,1.0,1.0,1.0,1.0,0.0,1.0,1.0,0.0,0.0,0.36,0.0,0.0,0.0,1.0,1.0,0.0,0.0
24,CodeWorkout,"Write a function in Java that implements the following logic: Given 2 int values greater than 0, return whichever value is nearest to 21 without going over. Return 0 if they both go over.



##The solution of the given exercise is:
public int blackjack(int a, int b)
{
    if (a > 21 && b > 21)
    {
        return 0;
    }
    else if (a > 21)
    {
        return b;
    }
    else if (b > 21)
    {
        return a;
    }
    else if (a > b)
    {
        return a;
    }
    else
    {
        return b;
    }
}

",1.0,1.0,0.0,0.227273,0.727273,0.0,0.727273,1.0,1.0,0.0,0.0,0.0,1.0,1.0,0.727273,0.5,1.0,0.0,1.0,0.636364,0.0,0.954545,0.818182,0.0,0.0,0.727273,1.0,0.0,0.0,0.772727,1.0,0.0,0.727273,0.727273,0.0,0.0,0.590909,0.0,0.272727,0.727273
25,CodeWorkout,"Write a function in Java that implements the following logic: Given three ints, a, b, and c, one of them is small, one is medium and one is large. Return true if the three values are evenly spaced, so the difference between small and medium is the same as the difference between medium and large.



##The solution of the given exercise is:
public boolean evenlySpaced(int a, int b, int c)
{
    if (a == b && b == c)
    {
        return true;
    }
    else if (a > b && b > c)
    {
        if (a - b == b - c)
        {
            return true;
        }
        return false;
    }
    else if (a > c && c > b)
    {
        if (a - c == c - b)
        {
            return true;
        }
        return false;
    }
    else if (b > c && c > a)
    {
        if (b - c == c - a)
        {
            return true;
        }
        return false;
    }
    else if (b > a && a > c)
    {
        if (b - a == a - c)
        {
            return true;
        }
        return false;
    }
    else if (c > a && a > b)
    {
        if (c - a == a - b)
        {
            return true;
        }
        return false;
    }
    else if (c > b && b > a)
    {
        if (c - b == b - a)
        {
            return true;
        }
        return false;
    }
    else
    {
        return false;
    }
}

",0.0,1.0,0.0,0.761905,0.52381,1.0,1.0,0.904762,1.0,1.0,0.761905,0.761905,1.0,1.0,1.0,0.0,0.857143,0.761905,0.0,0.761905,0.0,0.0,0.0,0.0,1.0,1.0,1.0,0.6190479999999999,0.0,0.0,0.0,0.52381,0.904762,0.761905,0.0,0.0,0.761905,1.0,0.0,0.0
28,CodeWorkout,"Write a function in Java that implements the following logic: Given a string, return a string made of its first 2 chars. If the string length is less than 2, use '@' for the missing chars.



##The solution of the given exercise is:
public String atFirst(String str)
{
    if (str.length() > 1)
    {
    	return str.substring(0, 2);
    }
    else if (str.length() == 1)
    {
        return str.substring(0, 1) + ""@"";
    }
    else
    {
        return ""@@"";
    }
}

",0.6,1.0,1.0,0.0,1.0,1.0,0.0,1.0,1.0,0.9,0.0,0.0,1.0,1.0,1.0,0.0,0.0,0.0,0.0,0.0,0.6,0.0,0.0,1.0,1.0,0.0,1.0,0.0,1.0,1.0,0.6,0.0,0.6,0.0,0.0,1.0,0.4,0.0,0.0,0.0
31,CodeWorkout,"Write a function in Java that implements the following logic: Given a string and an int n, return a string made of n repetitions of the last n characters of the string. You may assume that n is between 0 and the length of the string, inclusive.



##The solution of the given exercise is:
public String repeatEnd(String str, int n)
{
    int length = str.length();
    int i = 1;
    String rep = str.substring(length - n, length);
    while (i < n)
    {
        rep = rep + str.substring(length - n, length);
        i++;
    }
    return rep;
}

",0.272727,1.0,1.0,0.0,1.0,0.0,1.0,1.0,1.0,1.0,1.0,0.272727,1.0,1.0,1.0,0.0,1.0,1.0,1.0,1.0,0.0,1.0,0.0,1.0,1.0,1.0,1.0,0.636364,0.272727,0.0,1.0,0.0,0.272727,0.0,0.0,1.0,0.0,1.0,1.0,1.0
32,CodeWorkout,"Write a function in Java that implements the following logic: Given a string str and a non-empty word, return a version of the original string where all chars have been replaced by pluses (+), except for appearances of the word which are preserved unchanged.



##The solution of the given exercise is:
public String plusOut(String str, String word)
{
    String string = new String();
    int length = word.length();
    for (int i = 0; i < str.length() - length; i++)
    {
        if (str.substring(i, i + length).equals(word))
        {
            string = string + word;
            i = i + length - 1;
        }
        else
        {
            string = string + ""+"";
        }
    }
    if (str.substring(str.length() - length, 			str.length()).equals(word))
    {
        return string + word;
    }
    else if (str.substring(str.length() - length - 1, 			str.length()).equals(word + ""Z""))
    {
        return string + ""+"";
    }
    else if (length == 1)
    {
    	return string + ""+"";
    }
    else if (length == 2)
    {
    	return string + ""++"";
    }
    else
    {
    	return string + ""+++"";
    }
}

",0.0,1.0,1.0,0.0,1.0,0.0,1.0,0.0,1.0,1.0,1.0,0.0,1.0,0.0,0.0,0.0,0.0,0.0,1.0,0.0,0.0,0.0,0.0,1.0,1.0,1.0,1.0,1.0,0.0,0.0,1.0,0.0,0.0,0.0,0.0,0.0,0.0,1.0,1.0,0.0
33,CodeWorkout,"Write a function in Java that implements the following logic: Given two strings, a and b, create a bigger string made of the first character of a, the first character of b, the second character of a, the second character of b, and so on. Any leftover characters go at the end of the result.



##The solution of the given exercise is:
public String mixString(String a, String b)
{
    int minl = Math.min(a.length(), b.length());
    String string = new String();
    for (int i = 0;  i < minl; i++)
    {
        string = string + a.substring(i, i + 1) + b.substring(i, i + 1);
    }
    if (a.length() == b.length())
    {
        return string;
    }
    else if (a.length() > minl)
    {
        return string + a.substring(minl, a.length());
    }
    else
    {
        return string + b.substring(minl, b.length());
    }
}

",0.0,1.0,1.0,0.0,0.0,0.0,0.2,0.0,1.0,0.1333329999999999,1.0,0.0,1.0,0.0,0.6,0.0,0.0,0.0,1.0,0.0,0.0,1.0,0.0,1.0,1.0,1.0,1.0,0.0,0.0,1.0,1.0,0.0,0.0666667,0.0,0.0,0.0,0.0,1.0,1.0,0.0
34,CodeWorkout,"Given a string str, find all places where a three-letter combination starting with ""z"" and ending with ""p"" occurs. Return a string where for all such three-letter sequences, the middle letter has been removed. For example, a string like ""zipXzap"" would produce a result of ""zpXzp"".



##The solution of the given exercise is:
public String zipZap(String str)
{
    String string = new String();
    if (str.length() >= 3)
    {
    	for (int i = 0;  i < str.length() - 2; i++)
    	{
        	if (str.substring(i, i + 1).equals(""z"") && 			str.substring(i + 2, i + 3).equals(""p""))
     	   {
        	    string = string + ""zp"";
            	i = i + 2;
        	}
        	else
        	{
            	string = string + str.substring(i, i + 1);
        	}
    	}
    	if (str.substring(str.length() - 3, str.length() - 2).equals(""z""))
    	{
        	return string;
    	}
    	else
    	{
    		return string + str.substring(str.length() - 2, str.length());
    	}
    }
    else
    {
        return str;
    }
}

",0.0,1.0,1.0,0.0,0.0,0.0,0.5,1.0,1.0,1.0,1.0,0.857143,1.0,1.0,0.0,0.0,0.0,0.0,0.0,0.0,0.0,1.0,0.5,1.0,0.714286,1.0,1.0,0.285714,1.0,0.0,1.0,0.0,0.0,0.0,0.785714,0.0,0.0,1.0,1.0,0.0
36,CodeWorkout,"Write a function in Java that counts the number of times the string ""code"" appears anywhere in the given string str, except that we'll accept any letter in place of the 'd', so for example, ""cope"" and ""cooe"" count.



##The solution of the given exercise is:
public int countCode(String str)
{
    int cc = 0;
    for (int i = 0; i < str.length() - 3; i++)
    {
        if (str.substring(i, i + 2).equals(""co"") && 
            str.substring(i + 3, i + 4).equals(""e""))
        {
            cc++;
        }
    }
    return cc;
}

",0.0,1.0,0.0,0.0,0.0,0.5882350000000001,1.0,1.0,0.0,0.0,1.0,1.0,1.0,1.0,0.0,0.0,0.0,0.0,1.0,0.0,0.0,1.0,0.0,0.0,1.0,0.0,1.0,1.0,0.0,0.0,1.0,0.0,0.0,0.0,0.0,1.0,1.0,1.0,1.0,0.882353
37,CodeWorkout,"Given two strings, return true if either of the strings appears at the very end of the other string, ignoring upper/lower case differences (in other words, the computation should not be ""case sensitive""). Note: str.toLowerCase() returns the lowercase version of a string.



##The solution of the given exercise is:
public boolean endOther(String a, String b)
{
    int aLen = a.length();
	int bLen = b.length();
	String end;
	String temp;
	a = a.toLowerCase();
	b = b.toLowerCase();
	if(aLen >= bLen)
	{
		end = a.substring(aLen - bLen);
		temp = b;
	}
	else
	{
		end = b.substring(bLen - aLen);
		temp = a;
	}
	return (end.equals(temp));
}

",0.0,1.0,1.0,0.6,0.0,0.0,0.0,1.0,0.0,0.0,1.0,0.0,1.0,0.0,1.0,1.0,0.0,0.0,1.0,0.0,0.0,1.0,0.0,1.0,1.0,0.4,1.0,0.866667,0.6,1.0,1.0,0.0,1.0,0.0,0.0,1.0,0.866667,0.0,0.866667,0.0
38,CodeWorkout,"Write a function in Java that returns true if the given string str contains an occurrence of the substring ""xyz"" where ""xyz"" is not directly preceded by a period ("".""). For example, ""xxyz"" counts, while ""x.xyz"" does not.



##The solution of the given exercise is:
public boolean xyzThere(String str)
{
    int occ = str.indexOf(""xyz"");
    int occ2 = str.lastIndexOf(""xyz"");
    if (occ == 0)
    {
        return true;
    }
    else if (occ > 0)
    {
        String per = str.substring(occ - 1, occ);
        String per2 = str.substring(occ2 - 1, occ2);
        if (per.equals(""."") && per2.equals("".""))
        {
            return false;
        }
        else
        {
        	return true;
        }
    }
    else
    {
        return false;
    }
    
}

",0.0,1.0,1.0,0.733333,1.0,0.0,1.0,1.0,1.0,1.0,1.0,0.533333,1.0,0.0,0.466667,1.0,0.0,0.0,0.0,0.0,0.0,0.0,0.0,0.933333,1.0,0.466667,1.0,0.8,0.466667,0.933333,1.0,0.466667,0.533333,0.0,0.6,0.933333,0.0,0.0,0.0,0.733333
39,CodeWorkout,"We'll say that a string is xy-balanced if for all the 'x' characterss in the string, there exists a 'y' character somewhere later in the string. So ""xxy"" is balanced, but ""xyx"" is not. One 'y' can balance multiple 'x's. Return true if the given string is xy-balanced.



##The solution of the given exercise is:
public boolean xyBalance(String str)
{
    int x = str.indexOf(""x"");
    int xy = str.indexOf(""xy"");
    int xxy = str.indexOf(""xxy"");
    int xbby = str.indexOf(""xbby"");
    int lastx = str.lastIndexOf(""x"");
    int length = str.length();
    if (x == -1)
    {
        return true;
    }
    else if (lastx == length - 1)
    {
        return false;
    }    
    else if (xy >= 0 || xxy >= 0 || xbby >= 0)
    {
        return true;
    }
    else
    {
        return false;
    }
}

",0.0,1.0,0.789474,0.0,1.0,0.578947,1.0,0.0,1.0,0.0,1.0,0.0,1.0,1.0,0.0,0.0,0.0,0.0,1.0,0.0,0.0,0.0,0.0,1.0,1.0,0.0,0.947368,0.8421049999999999,0.631579,0.578947,1.0,0.8947370000000001,0.0,0.0,0.8947370000000001,0.789474,0.368421,1.0,1.0,0.8947370000000001
40,CodeWorkout,"A sandwich is two pieces of bread with something in between. Write a Java method that takes in a string str and returns the string that is between the first and last appearance of ""bread"" in str. Return the empty string """" if there are not two pieces of bread.



##The solution of the given exercise is:
public String getSandwich(String str)
{
    int first = str.indexOf(""bread"");
    int last = str.lastIndexOf(""bread"");
    if((last != -1 ) && (first!=last))
        return (str.substring(first+5,last)) ;
    return """";
}

",0.0,1.0,1.0,0.0,1.0,0.0,0.0,1.0,1.0,0.0,1.0,0.461538,0.0,0.0,0.6153850000000001,0.0,1.0,1.0,1.0,0.0,0.0,0.0,0.0,1.0,1.0,0.0,1.0,0.0,0.0,0.0,1.0,0.0,0.153846,0.0769231,0.0,1.0,0.0,0.0,0.0,0.0
41,CodeWorkout,"Given an array containing three ints, return the sum of all the elements.



##The solution of the given exercise is:
public int sum3(int[] nums)
{
    return nums[0] + nums[1] + nums[2];
}

",0.166667,1.0,0.0,1.0,1.0,0.0,1.0,1.0,1.0,1.0,1.0,0.0,1.0,1.0,1.0,0.0,1.0,1.0,0.0,0.0,0.0,1.0,0.0,1.0,1.0,1.0,1.0,0.0,1.0,0.0,1.0,0.0,1.0,0.0,1.0,1.0,1.0,0.0,1.0,0.0
43,CodeWorkout,"Given an int array of any length, return a new array of its first 2 elements. If the array is smaller than length 2, use whatever elements are present.



##The solution of the given exercise is:
public int[] frontPiece(int[] nums)
{
    int[] two;
	if(nums.length >= 2)
	{
		two = new int[2];
		two[0] = nums[0];
		two[1] = nums[1];
	}
	else if(nums.length == 1)
	{
		two = new int[1];
		two[0] = nums[0];
	}
	else
		two = new int[0];
	return two;
}

",1.0,1.0,0.0,1.0,1.0,0.0,0.0,1.0,1.0,1.0,1.0,0.0,1.0,1.0,1.0,0.0,0.0,1.0,1.0,0.0,0.0,0.0,0.0,1.0,1.0,0.0,1.0,0.0,1.0,1.0,1.0,0.0,0.0,0.625,1.0,0.0,0.0,0.0,0.0,1.0
44,CodeWorkout,"Write a function in Java that takes an int array as its parameter and returns the number of even ints it contains. Note: the % ""mod"" operator computes the remainder, e.g. 5 % 2 is 1.



##The solution of the given exercise is:
public int countEvens(int[] nums)
{
    int i = 0;
    int count = 0;
    while (i < nums.length)
    {
    	if (nums[i] % 2 == 0)
    	{
            count++;
        }
        i++;
    }
    return count;
}

",0.0,1.0,0.0,0.0,1.0,0.0,1.0,1.0,0.0,0.0,1.0,0.0,1.0,1.0,1.0,0.0,0.0,0.0,0.0,1.0,1.0,0.0,0.0,1.0,1.0,1.0,1.0,1.0,1.0,0.0,1.0,0.0,1.0,1.0,0.0,1.0,1.0,0.0,1.0,1.0
45,CodeWorkout,"Given an int array, return the sum of the numbers in the array, except ignore sections of numbers starting with a 6 and extending to the next 7 (every 6 will be followed by at least one 7). Return 0 for no numbers.



##The solution of the given exercise is:
public int sum67(int[] nums)
{
    int sum = 0;
    if (nums.length == 0)
    {
        return 0;
    }
    else
    {
        for (int i = 0; i < nums.length; i++)
        {
            if (nums[i] == 6)
            {
                if (nums[i + 1] == 7)
                {
                    i = i + 1;
                }
                else if (nums[i + 2] == 7)
                {
                    i = i + 2;
                }
                else if (nums[i + 3] == 7)
                {
                    i = i + 3;
                }
                else if (nums[i + 4] == 7)
                {
                    i = i + 4;
                }
            }
            else
            {
                sum = sum + nums[i];
            }
        }
        return sum;
    }
                
}

",0.0,1.0,0.0,0.0,1.0,0.0,0.1333329999999999,1.0,0.0,1.0,1.0,0.1333329999999999,1.0,1.0,1.0,0.0,0.0,0.0,1.0,0.1333329999999999,0.0,0.0666667,0.0,1.0,1.0,0.0,1.0,1.0,0.0,0.666667,1.0,0.0,0.0,0.1333329999999999,1.0,1.0,0.1333329999999999,1.0,0.0,0.533333
46,CodeWorkout,"We'll say that a value is ""everywhere"" in an array if for every pair of adjacent elements in the array, at least one of the pair is that value. Return true if the given value is everywhere in the array.



##The solution of the given exercise is:
public boolean isEverywhere(int[] nums, int val)
{
    int a = 0;
    for (int i = 0; i < nums.length - 1; i++)
    {
        if (nums[i] == val || nums[i + 1] == val)
        {
            a = a + a;
        }
        else
        {
            a = a + 1;
        }
    }
    return a == 0;
}

",0.0,1.0,0.444444,0.0,1.0,0.0,0.0,1.0,1.0,1.0,1.0,0.611111,1.0,1.0,1.0,0.0,0.0,0.0,1.0,0.5,0.555556,0.611111,0.444444,1.0,1.0,0.444444,1.0,1.0,1.0,0.611111,1.0,0.277778,0.0555556,0.0,1.0,1.0,0.0,1.0,0.0,0.0
48,CodeWorkout,"Given an int[] array, write a function that returns an array where all the 10's have been removed. The remaining elements should shift left towards the start of the array as needed, and the empty spaces at the end of the array should be set to 0. So {1, 10, 10, 2} yields {1, 2, 0, 0}. You may modify and return the given array or make a new array.



##The solution of the given exercise is:
public int[] withoutTen(int[] nums)
{
    int[] arr = new int[nums.length];
    int j = 0;
    for (int i = 0; i < nums.length; i++)
    {
        if (nums[i] != 10)
        {
            arr[j] = nums[i];
            j++;
        }
    }
    return arr;
}

",0.0,1.0,0.0,0.0,0.0,0.0,1.0,0.0,0.0,0.0,1.0,1.0,0.0,0.0,1.0,1.0,0.0,0.0,0.0,0.0,0.0,1.0,0.0,1.0,1.0,1.0,1.0,1.0,0.0,0.0,1.0,0.0,0.0,0.0,1.0,1.0,0.0,1.0,0.0,0.0
49,CodeWorkout,"Write a function in Java that takes an array and returns the sum of the numbers in the array, or 0 if the array is empty. Except the number 13 is very unlucky, so it does not count any 13, or any number that immediately follows a 13.



##The solution of the given exercise is:
public int sum13(int[] nums)
{
    int sum = 0;
    for (int i = 0; i < nums.length; i++)
    {
        if (i < nums.length)
        {
            if (nums[i] == 13)
        	{
            	i++;
        	}
            else
            {
                sum = sum + nums[i];
            }
        }
        else
        {
            if (nums[i] == 13)
        	{
            	sum = sum + 0;
        	}
            else
            {
                sum = sum + nums[i];
            }
        }
    }
    return sum;
}

",0.411765,1.0,0.0,0.529412,1.0,0.0,0.882353,1.0,1.0,1.0,1.0,0.5882350000000001,1.0,0.0,1.0,0.5882350000000001,0.0,0.0,1.0,0.5882350000000001,0.764706,1.0,0.411765,1.0,1.0,1.0,1.0,0.411765,1.0,1.0,1.0,0.882353,0.764706,0.0,1.0,0.0,0.411765,0.0,1.0,1.0
51,CodeWorkout,"For each multiple of 10 in the given array, change all the values following it to be that multiple of 10, until encountering another multiple of 10. So {2, 10, 3, 4, 20, 5} yields {2, 10, 10, 10, 20, 20}.



##The solution of the given exercise is:
public int[] tenRun(int[] nums)
{
    int x = -1;
	for(int i = 0; i < nums.length; i++)
	{
		if(nums[i] % 10 == 0)
			x = nums[i];
		else if(x != -1)
			nums[i] = x;
	}
	return nums;
}

",0.0,1.0,1.0,0.0,1.0,0.0,0.0,1.0,0.0,1.0,1.0,1.0,1.0,1.0,1.0,0.307692,1.0,0.538462,1.0,1.0,0.0,1.0,0.923077,1.0,1.0,1.0,1.0,0.0,0.384615,0.923077,1.0,0.384615,1.0,0.6153850000000001,1.0,1.0,0.0,1.0,0.0,0.923077
56,CodeWorkout,"Return the centered average of an array of ints, which we'll say is the mean average of the values, except ignoring the largest and smallest values in the array. If there are multiple copies of the smallest value, ignore just one copy, and likewise for the largest value. Use int division to produce the final average. You may assume that the array has a length of 3 or more.



##The solution of the given exercise is:
public int centeredAverage(int[] nums)
{
    int max = nums[0];
    int min = nums[0];
    int sum = 0;
    for (int i = 0; i < nums.length; i++)
    {
        if (nums[i] > max)
        {
            max = nums[i];
        }
        else if (nums[i] < min)
        {
            min = nums[i];
        }
        sum = sum + nums[i];
    }
    return (sum - min - max)/(nums.length - 2);
}

",0.857143,1.0,1.0,0.0,0.857143,0.238095,1.0,1.0,1.0,0.0,1.0,0.238095,1.0,1.0,1.0,0.0,1.0,1.0,0.857143,0.0,0.0,0.190476,0.666667,1.0,1.0,0.1428569999999999,1.0,1.0,1.0,0.0,1.0,0.0,0.857143,0.0,1.0,0.0,0.0,1.0,0.0,1.0
57,CodeWorkout,"Given a number n, create and return a new int array of length n, containing the numbers 0, 1, 2, ... n-1. The given n may be 0, in which case just return a length 0 array. You do not need a separate if statement for the length-0 case; the for loop should naturally execute 0 times in that case, so it just works. The syntax to make a new int array is new int[desired_length].



##The solution of the given exercise is:
public int[] fizzArray(int n)
{
    int[] arr = new int[n];
    for (int i = 0; i < n; i++)
    {
        arr[i] = i;
    }
    return arr;
}

",0.0,0.0,1.0,1.0,1.0,1.0,1.0,1.0,0.0,1.0,1.0,0.0,0.0,1.0,1.0,1.0,1.0,0.2,1.0,1.0,1.0,0.0,1.0,1.0,1.0,1.0,1.0,1.0,0.0,1.0,1.0,0.0,0.0,0.1,1.0,1.0,1.0,1.0,0.2,1.0
64,CodeWorkout,"Consider the series of numbers beginning at start and running up to but not including end, so for example start=1 and end=5 gives the series 1, 2, 3, 4. Return a new String[] array containing the string form of these numbers, except in the case of multiples of 3, use ""Fizz"" instead of the number, and for multiples of 5 use ""Buzz"", and for multiples of both 3 and 5 use ""FizzBuzz"". In Java, String.valueOf(xxx) will make the String form of an int or other type.



##The solution of the given exercise is:
public String[] fizzBuzz(int start, int end)
{
    String[] arr = new String[end - start];
    for (int i = 0; i < arr.length; i++)
    {
        if ((i + start) % 3 == 0 && (i + start) % 5 == 0)
        {
            arr[i] = ""FizzBuzz"";
        }
        else if ((i + start) % 3 == 0)
        {
            arr[i] = ""Fizz"";
        }
        else if ((i + start) % 5 == 0)
        {
            arr[i] = ""Buzz"";
        }
        else
        {
            arr[i] = String.valueOf(start + i);
        }
    }
    return arr;
}

",0.0,1.0,1.0,1.0,0.0588235,0.0,1.0,0.117647,1.0,1.0,1.0,0.0,1.0,1.0,1.0,0.176471,0.352941,0.0,0.0,0.0,0.0588235,0.0,0.0,1.0,1.0,1.0,1.0,0.0,0.0,0.0,1.0,0.0,1.0,0.0,1.0,1.0,0.0588235,1.0,0.0,0.0
67,CodeWorkout,"Given an array of ints, return true if the array contains two 7s next to each other, or there are two 7s separated by one element, such as with {7, 1, 7}. Otherwise, return false.



##The solution of the given exercise is:
public boolean has77(int[] nums)
{
    int blob = 0;
    for (int i = 0; i < nums.length - 1; i++)
    {
        if (i < nums.length - 2)
        {
            if (nums[i] == nums[i + 1] && nums[i] == 7)
        	{
            	blob = blob + 100;
        	}
            if (nums[i] == nums[i + 2] && nums[i] == 7)
            {
                blob = blob + 100;
            }
        }   
        else if (nums[i] == nums[i + 1] && nums[i] == 7)
        {
            blob = blob + 100;
        }
        else
        {
            blob = blob + 1;
        }
    }
    return blob >= 100;
}

",0.0,1.0,0.75,0.0,1.0,0.9,0.0,1.0,0.0,1.0,1.0,0.0,1.0,0.0,0.0,0.0,1.0,0.0,1.0,0.9,0.7,0.0,0.9,0.0,1.0,1.0,1.0,0.9,1.0,1.0,0.0,0.0,0.75,0.0,0.0,0.7,0.9,0.0,1.0,0.0
70,CodeWorkout,"Given an array of ints, return true if every 2 that appears in the array is next to another 2. Otherwise, return false.



##The solution of the given exercise is:
public boolean twoTwo(int[] nums)
{
    int q = 0;
    for (int i = 0; i < nums.length; i++)
    {
        if (nums.length == 1 && nums[i] != 2)
        {
            return true;
        }
        if (nums[i] == 2)
        {
            if (nums.length == 1)
            {
                return false;
            }
        else if (i == 0)
        {
            if (nums[i + 1] == 2)
            {
                q = q + 0;
            }
            else
            {
                q = q + 100;
            }
        }
        else if (i == nums.length - 1)
        {
            if (nums[i - 1] == 2)
            {
                q += 0;
            }
            else
            {
                q += 100;
            }
        }
        else
        {
            if (nums[i - 1] == 2 || nums[i + 1] == 2)
            {
                q += 0;
            }
            else
            {
                q += 100;
            }
        }
        }
    }
    if ( q >= 100)
    {
        return false;
    }
    else
    {
        return true;
    }
}

",0.47619,1.0,0.0,0.52381,1.0,0.0,0.0,0.0,1.0,1.0,0.0,0.6190479999999999,0.0,0.0,1.0,0.0,0.0,0.571429,1.0,0.6190479999999999,0.6190479999999999,0.0,0.0,1.0,1.0,0.761905,1.0,0.0,0.0,0.761905,0.0,0.0,0.0,0.0,1.0,0.571429,0.6190479999999999,0.0,0.0,1.0
71,CodeWorkout,"Given a non-empty array, return true if there is a place to split the array so that the sum of the numbers on one side is equal to the sum of the numbers on the other side.



##The solution of the given exercise is:
public boolean canBalance(int[] nums)
{
    int x = 0;
	int y;
	for(int i = 0; i < nums.length - 1; i++)
		x += nums[i];
	y = nums[nums.length-1];
	for(int i = nums.length - 2; i > 0; i--)
	{
		if(x == y)
			return true;
		x -= nums[i];
		y += nums[i];
	}
	return (x == y);
}

",1.0,1.0,1.0,0.0,0.0,0.0,1.0,1.0,1.0,1.0,1.0,0.5625,1.0,1.0,0.0,0.0,0.0,1.0,1.0,0.9375,1.0,0.4375,0.4375,1.0,1.0,0.0,1.0,1.0,1.0,0.375,1.0,0.0,1.0,0.0625,1.0,0.5625,0.0625,0.0,0.0,0.0
100,CodeWorkout,"For this problem, we'll round an int value up to the next multiple of 10 if its rightmost digit is 5 or more, so 15 rounds up to 20. Alternately, round down to the previous multiple of 10 if its rightmost digit is less than 5, so 12 rounds down to 10. Given 3 ints, a, b, and c, return the sum of their rounded values. To avoid code repetition, write a separate helper public int round10(int num) and call it 3 times. Write the helper entirely below and at the same indent level as roundSum().



##The solution of the given exercise is:
public int roundSum(int a, int b, int c)
{
    return round10(a) + round10(b) + round10(c);
}

public int round10(int num)
{
    int x = num % 10;
    if (x >= 5)
    {
        return num + (10 - x);
    }
    else
    {
        return num - x;
    }
}

",0.0,1.0,1.0,0.0,0.1428569999999999,0.0,0.0,1.0,0.0,1.0,1.0,1.0,1.0,1.0,1.0,0.357143,0.0,0.0,0.0,0.0,0.0,0.0,0.0,0.0,1.0,1.0,1.0,0.0,1.0,1.0,0.0,0.392857,0.0,0.0,0.0,0.0,0.0,1.0,0.0,0.0
101,CodeWorkout,"We want make a package of goal kilos of chocolate. We have small bars (1 kilo each) and big bars (5 kilos each). Return the number of small bars to use, assuming we always use big bars before small bars. Return -1 if it can't be done.



##The solution of the given exercise is:
public int makeChocolate(int small, int big, int goal)
{
    if (goal < 5)
    {
        return small;
    }
    else if (goal == big*5)
    {
        return 0;
    }
    else if (5*big < goal && (5*big + small) >= goal)
    {
    	return goal - 5*big;
    }
    else if (5*big > goal && small + (big - 1)*5 >= goal)
    {
        return goal - 5;
    }
    else
    {
        return -1;
    }
}

",0.0,0.92,1.0,0.0,0.0,0.0,0.0,1.0,0.92,0.0,1.0,0.52,1.0,0.92,0.0,0.32,0.0,0.0,0.0,0.0,0.52,0.0,0.0,0.8,1.0,0.0,1.0,0.0,0.0,0.16,0.0,0.0,0.52,0.0,0.0,0.8,0.0,0.0,0.0,0.76
102,CodeWorkout,"Given a string, if the same 2-character substring appears at both its beginning and end, return the contents of the string without the 2-character substring at the beginning. For example, ""HelloHe"" yields ""lloHe"". Note that the 2-character substring at the beginning may overlap with the one at the end, so ""Hi"" yields """". If the two characters at the start and end of the string do not match each other, return the original string unchanged.



##The solution of the given exercise is:
public String without2(String str) 
{
    if (str.length() > 1)
    {
    	int end = str.length();
    	if (str.substring(0, 2).equals(str.substring(end - 2, end)))
    	{
    		return str.substring(2);
    	}
    	else
    	{
        	return str;
    	}
    }
    else
    {
        return str;
    }
}

",0.0,1.0,0.307692,0.461538,1.0,1.0,0.0769231,1.0,1.0,1.0,0.0,0.307692,0.692308,1.0,0.307692,0.461538,1.0,0.0,0.0,0.0,0.461538,0.0,0.0,0.0,0.0,0.0,1.0,0.0,0.0,0.307692,0.0,0.0,0.0,0.307692,0.0,0.0,0.307692,1.0,1.0,0.0
104,CodeWorkout,"Write a function in Java that implements the following logic: Return a version of the given array where each zero value in the array is replaced by the largest odd value to the right of the zero in the array. If there is no odd value to the right of the zero, leave the zero as a zero. Hint: in solving this: you may use a second helper function if you want, say to find the largest odd value to the right of a specified position.



##The solution of the given exercise is:
public int[] zeroMax(int[] nums)
{
    int max = 0;
	for (int i = 0; i < nums.length -1; i++)
	{
		if (nums[i] == 0)
		{
			for (int x = i + 1; x <= nums.length -1; x++)
			{
				if ( nums[x] > max && nums[x] % 2 == 1 )
				max = nums[x];
			}
			nums[i] = max;
			max = 0;
		}
	}
return nums;
}

",1.0,1.0,0.0,0.0,1.0,0.0,0.333333,1.0,1.0,1.0,1.0,1.0,1.0,0.0,1.0,0.0,1.0,0.333333,1.0,0.0,0.0,0.0,0.0,1.0,1.0,1.0,1.0,1.0,1.0,0.0,1.0,0.0,1.0,0.0,0.266667,0.0,0.266667,1.0,1.0,0.0
106,CodeWorkout,"Given an array of int values, return true if the group of n numbers at the start of the array is the same as the group of n numbers at the end of the array. For example, with {5, 6, 45, 99, 13, 5, 6}, the ends are the same for n == 0 and n == 2, and false for n == 1 and n == 3. You may assume that n is in the range 0..nums.length, inclusive.



##The solution of the given exercise is:
public boolean sameEnds(int[] nums, int n)
{
    if (n == 0)
    {
        if (nums.length == 0)
        {
            return true;
        }
        else if (nums[0] == nums[nums.length - 1])
        {
            return true;
        }
        else
        {
            return false;
        }
    }
    else if (n == 1)
    {
        if (nums[0] == nums[nums.length - n])
        {
            return true;
        }
        else
        {
            return false;
        }
    }
    else if (n == 2)
    {
        if (nums[0] == nums[nums.length - n] && nums[n - 1] == nums[nums.length - 1])
        {
            return true;
        }
        else
        {
            return false;
        }
    }
    else if (n == 3)
    {
        if (nums[0] == nums[nums.length - n] && nums[n - 1] == nums[nums.length - 1] && nums[n-2] == nums[nums.length-2])
        {
            return true;
        }
        else
        {
            return false;
        }
    }
    else if (n == 4)
    {
        if (nums[0] == nums[nums.length - n] && nums[n - 1] == nums[nums.length - 1] && nums[n-2] == nums[nums.length-2] && nums[n-3] == nums[nums.length-3])
        {
            return true;
        }
        else
        {
            return false;
        }
    }
    else if (n == 5)
    {
        if (nums[0] == nums[nums.length - n] && nums[n - 1] == nums[nums.length - 1] && nums[n-2] == nums[nums.length-2] && nums[n-3] == nums[nums.length-3] && nums[n-4] == nums[nums.length-4])
        {
            return true;
        }
        else
        {
            return false;
        }
    }
    else
    {
        return false;
    }
}

",0.0,1.0,0.0,0.0,0.0,1.0,0.0,0.0,0.0,0.0,0.0,0.0,0.0,0.0,0.0,0.0,0.0,1.0,0.0,0.4375,0.625,0.0,0.0,0.0,1.0,1.0,0.0,0.0,0.0,0.8125,0.0,0.0,0.0,0.4375,0.0,0.0,0.375,1.0,1.0,0.875
107,CodeWorkout,"Say that a ""clump"" in an array is a series of 2 or more adjacent elements of the same value. Return the number of clumps in the given array.



##The solution of the given exercise is:
public int countClumps(int[] nums)
{
    int a = 0;
    for (int i = 0; i < nums.length - 1; i++)
    {
        if (nums[i] == nums[i + 1])
        {
            a++;
        }
        if (i + 2 < nums.length && nums[i] == nums[i + 1] && nums[i] == nums[i + 2])
        {
            i++;
        }
        if (i + 3 < nums.length && nums[i] == nums[i + 1] && nums[i] == nums[i + 2] && nums[i] == nums[i + 3])
        {
            i = i + 2;
        }
        if (i + 4 < nums.length && nums[i] == nums[i + 1] && nums[i] == nums[i + 2] && nums[i] == nums[i + 3] && nums[i] == nums[i + 4])
        {
            i = i + 3;
        }
    }
    return a;
}

",0.0,1.0,0.545455,0.545455,0.0,0.0,0.0,0.0,1.0,1.0,1.0,0.0,1.0,1.0,0.0,0.0,1.0,0.727273,1.0,0.0909091,0.0909091,0.0909091,0.545455,1.0,1.0,1.0,1.0,0.0,1.0,1.0,1.0,0.0,0.545455,0.181818,1.0,1.0,0.909091,1.0,1.0,0.0
108,CodeWorkout,"Given an array, return an array that contains exactly the same numbers as the original array, but rearranged so that every 4 is immediately followed by a 5. Do not move the 4's, but every other number may move. The array contains the same number of 4's and 5's, and every 4 has a number after it that is not a 4. In this version, 5's may appear anywhere in the original array. (This is a slightly harder version of the fix34 problem.)



##The solution of the given exercise is:
public int[] fix45(int[] nums)
{
    int j = 0;
	for(int i = 0; i < nums.length - 1; i++)
	{
		if(nums[i] == 4 && nums[i+1] != 5)
		{
			for(; !(nums[j] == 5 && (j == 0 || j > 0 && nums[j-1] != 4)); j++);
			nums[j] = nums[i+1];
			nums[i+1] = 5;
		}
	}
	return nums;
}

",1.0,1.0,1.0,0.105263,0.263158,0.0,1.0,1.0,0.0,0.684211,1.0,0.0,1.0,0.0,0.210526,1.0,0.0,0.263158,0.263158,1.0,0.0,0.105263,0.263158,0.0,0.0,1.0,1.0,1.0,0.263158,0.0,0.0,0.0,1.0,0.0,1.0,0.0,0.0,1.0,0.0,0.105263
112,CodeWorkout,"Given n >= 0, create an array with the pattern {1, 1, 2, 1, 2, 3, ... 1, 2, 3 .. n} (spaces added to show the grouping). Note that the length of the array will be 1 + 2 + 3 ... + n, which is known to sum to exactly n * (n + 1)/2.



##The solution of the given exercise is:
public int[] seriesUp(int n)
{
    int[] arr = new int[n*(n+1)/2];
    for (int i = 0; i < arr.length; i++)
    {
        arr[0] = 1;
        if (n > 1)
        {
            arr[1] = 1;
            arr[2] = 2;
        }
        if (n > 2)
        {
            arr[3] = 1;
            arr[4] = 2;
            arr[5] = 3;
        }
        if (n > 3)
        {
            arr[6] = 1;
            arr[7] = 2;
            arr[8] = 3;
            arr[9] = 4;
        }
        if (n > 4)
        {
            arr[10] = 1;
            arr[11] = 2;
            arr[12] = 3;
            arr[13] = 4;
            arr[14] = 5;
        }
        if (n > 5)
        {
            arr[15] = 1;
            arr[16] = 2;
            arr[17] = 3;
            arr[18] = 4;
            arr[19] = 5;
            arr[20] = 6;
        }
    }
            return arr;
}

",0.714286,1.0,1.0,1.0,0.0,0.0,1.0,1.0,1.0,1.0,1.0,0.1428569999999999,1.0,0.0,1.0,0.0,1.0,0.0,0.285714,1.0,0.1428569999999999,1.0,0.1428569999999999,1.0,1.0,0.0,1.0,0.1428569999999999,1.0,0.285714,1.0,0.0,1.0,0.0,1.0,1.0,0.1428569999999999,1.0,0.1428569999999999,1.0
118,CodeWorkout,"Return an array that is ""left shifted"" by one--so for an input of {6, 2, 5, 3}, the method returns {2, 5, 3, 6}. You may modify and return the given array, or return a new array.



##The solution of the given exercise is:
public int[] shiftLeft(int[] nums)
{
    
    if (nums.length > 0)
    {
        int x = nums[0];
    for (int i = 0; i < nums.length; i++)
    {
        if (i < nums.length - 1)
        {
            nums[i] = nums [i + 1];
        }
        else
        {
            nums[i] = x;
        }
    }
    return nums;
    }
    else
    {
        return nums;
    }
}

",0.909091,1.0,1.0,1.0,0.363636,0.0,1.0,1.0,1.0,1.0,1.0,0.272727,1.0,1.0,1.0,0.0,1.0,1.0,1.0,0.0,0.909091,1.0,0.909091,1.0,1.0,0.909091,1.0,0.0909091,0.0,0.909091,1.0,0.0909091,0.0,0.0,1.0,0.272727,0.0,1.0,0.0909091,0.0
128,CodeWorkout,"Return true if the given string contains a ""bob"" string, but where the middle 'o' character can be any character.



##The solution of the given exercise is:
public boolean bobThere(String str)
{
    int b = str.indexOf(""b"");
    int b2 = str.lastIndexOf(""b"");
    if (b2 < 2)
    {
        return false;
    }
    else if (b >= b2)
    {
        String ch = str.substring(b + 2, b + 3);
        if (ch.equals(""b""))
    	{
        	return true;
    	}
    	else
    	{
        	return false;
    	}
    }
    else if (b < b2)
    {
   		String ch2 = str.substring(b2 - 2, b2 - 1);
    	if (ch2.equals(""b""))
    	{
        	return true;
    	}	
    	else
    	{
        	return false;
    	}
    }
    else
    {
        return false;
    }
}

",0.0,1.0,0.0,0.0,1.0,0.0,1.0,1.0,1.0,1.0,1.0,1.0,1.0,1.0,1.0,0.444444,0.0,1.0,0.0,0.0,0.0,1.0,0.777778,1.0,0.944444,0.0,1.0,0.5,0.0,0.0,1.0,0.555556,0.277778,0.5,0.333333,0.5,0.666667,1.0,1.0,0.0
232,CodeWorkout,"Given a day of the week encoded as 0 = Sun, 1 = Mon, 2 = Tue, ... 6 = Sat, and a boolean indicating if we are on vacation, return a string of the form ""7:00"" indicating when the alarm clock should ring. Weekdays, the alarm should be ""7:00"" and on the weekend it should be ""10:00"". Unless we are on vacation--then on weekdays it should be ""10:00"" and weekends it should be ""off"".



##The solution of the given exercise is:
public String alarmClock(int day, boolean vacation)
{
    if (vacation == true)
    {
        if (day == 0)
        {
        	return ""off"";
        }
        else if (day == 6)
        {
        	return ""off"";
        }
        else
        {
            return ""10:00"";
        }
    }
    else
    {
    	if (day == 0)
        {
        	return ""10:00"";
        }
        else if (day == 6)
        {
        	return ""10:00"";
        }
        else
        {
            return ""7:00"";
        }
    }
}

",0.0,0.0,1.0,0.0,1.0,1.0,0.0,0.0,1.0,0.642857,0.0,0.0,0.0,1.0,0.0,0.0,0.0,0.0,0.0,1.0,1.0,0.0,0.0,0.0,1.0,0.0,1.0,0.0,0.0,1.0,1.0,0.0,0.0,0.0,1.0,1.0,0.0,1.0,1.0,0.0
233,CodeWorkout,"The number 6 is a truly great number. Given two int values, a and b, return true if either one is 6. Or if their sum or difference is 6. Note: the function Math.abs(num) computes the absolute value of a number.



##The solution of the given exercise is:
public boolean love6(int a, int b)
{
    if (a == 6)
    {
        return true;
    }
    else if (b == 6)
    {
        return true;
    }
    else if (a + b == 6)
    {
        return true;
    }
    else if (a - b == 6)
    {
        return true;
    }
    else if (b - a == 6)
    {
        return true;
    }
    else
    {
        return false;
    }
    
}

",0.761905,0.0,1.0,1.0,1.0,1.0,0.0,0.0,1.0,0.0,1.0,1.0,1.0,1.0,0.0,0.0,1.0,0.952381,0.0,1.0,0.904762,0.0,0.0,0.0,1.0,0.0,1.0,1.0,0.904762,1.0,0.0,0.0,1.0,0.0,0.0,1.0,1.0,1.0,0.0,1.0
234,CodeWorkout,"When squirrels get together for a party, they like to have cigars. A squirrel party is successful when the number of cigars is between 40 and 60, inclusive. Unless it is the weekend, in which case there is no upper bound on the number of cigars. Return true if the party with the given values is successful, or false otherwise.



##The solution of the given exercise is:
public boolean cigarParty(int cigars, boolean isWeekend)
{
    if (isWeekend)
    {
        if (cigars >= 40)
        {
            return true;
        }
        else
        {
            return false;
        }
    }
    else
    {
        if (40 <= cigars)
        {
            if (cigars <= 60)
            {
                return true;
            }
            else
        	{
            	return false;
        	}
        }
        return false;
    }
}

",0.0,1.0,1.0,0.8461540000000001,0.0,0.923077,1.0,0.769231,1.0,0.0,1.0,0.0,0.8461540000000001,0.769231,0.0,0.0,0.0,0.0,0.0,0.769231,0.8461540000000001,0.0,1.0,0.8461540000000001,0.0,0.769231,1.0,1.0,1.0,1.0,0.0,0.6153850000000001,0.8461540000000001,0.0,0.538462,0.8461540000000001,1.0,0.0,0.0,0.0
235,CodeWorkout,"You and your date are trying to get a table at a restaurant. The parameter you is the stylishness of your clothes, in the range 0..10, and date is the stylishness of your date's clothes. Write a method that returns your chances of getting a table, encoded as an int value with 0 = no, 1 = maybe, 2 = yes. If either of you is very stylish, 8 or more, then the result is 2 (yes). With the exception that if either of you has style of 2 or less, then the result is 0 (no). Otherwise the result is 1 (maybe).



##The solution of the given exercise is:
public int dateFashion(int you, int date)
{
    if (you >= 8)
    {
        if (date <= 2)
        {
            return 0;
        }
        else
        {
        	return 2;
        }
    }
    else if (date >= 8)
    {
        if (you <= 2)
        {
            return 0;
        }
        else
        {
        	return 2;
        }
    }
    else
    {
        if (you <= 2)
        {
            return 0;
        }
        else if (date <= 2)
        {
            return 0;
        }
        else
        {
        	return 1;
        }
    }
    
}

",0.5,0.714286,1.0,0.0,1.0,1.0,0.714286,0.714286,1.0,1.0,0.5,0.714286,1.0,1.0,0.0,0.714286,0.714286,0.5,0.714286,1.0,1.0,0.0,1.0,0.0,0.0,0.714286,1.0,1.0,0.714286,0.571429,1.0,0.714286,1.0,0.714286,0.0,0.0,0.714286,1.0,0.714286,1.0
236,CodeWorkout,"You have a green lottery ticket, with ints a, b, and c on it. If the numbers are all different from each other, the result is 0. If all of the numbers are the same, the result is 20. If two of the numbers are the same, the result is 10.



##The solution of the given exercise is:
public int greenTicket(int a, int b, int c)
{
    if (a != b)
    {
        if (a != c)
        {
            if (b != c)
            {
                return 0;
            }
            return 10;
        }
        return 10;
    }
    else
    {
        if (a == c)
        {
            if (b == c)
            {
                return 20;
            }
            return 10;
        }
        return 10;
    }
}

",0.0,0.0,1.0,0.833333,1.0,0.0,0.0,0.0,1.0,0.25,1.0,0.75,0.0,1.0,0.0,0.0,0.0,1.0,0.0,0.0,0.0,0.0,1.0,0.0,0.0,0.0,1.0,0.5,1.0,0.75,1.0,1.0,1.0,0.0,0.0,0.0,1.0,0.0,0.0,0.0
